agents,originX,originY,destinationX,destinationY,hr,sec
1,-77.06015957,38.90473512,-77.0369637,38.90155961,am6to7,23881
2,-77.06015957,38.90473512,-77.07921974,38.88517637,am8to9,31006
3,-77.09440246,38.81368132,-77.06015957,38.90473512,pm4to12,68806
4,-77.05346851,38.97229853,-77.05567278,38.89590057,am8to9,28868
